цена;название;скидка;рейтинг float;в наличии;Кол-во отзывов;изображения;Куплено за год;описание;Продажи за месяц;Отзывы символы
1553.0;Коллаген порошок морской питьевой для суставов + Витамин C;48;4,50;62;5299;https://basket-10.wb.ru/vol1437/part143784/143784863/images/big/1.jpg;10600;Порошок Коллаген (Collagen) гидролизованный первого и третьего типа с аскорбиновой кислотой и гиалуроновой кислотой, представленный в биологически доступной форме пептидов (в порошке). Ежедневное употребление коллагена способствует эластичности и упругости кожи, уменьшает и разглаживает морщинки, восстанавливает структуру волос и ногтей, замедляет процессы старения, а также укрепляет здоровье костей, связок и суставов. Принимать коллаген нужно вместе с витамином C, который уже идет в составе, поэтому дополнительные добавки вам не нужны. Витамин С улучшает усвоение коллагена, повышает его эффективность. Гиалуроновая кислота ускоряет регенерацию тканей и положительно сказывается на Вашей красоте и здоровье. Коллаген, коллаген морской, коллаген с витамином С, коллаген для кожи, коллаген для женщин, коллаген крем для лица, коллаген сыворотка. Состав: гидролизованный коллаген, аскорбиновая кислота (витамин C), гиалуроновая кислота, краситель натуральный;1861;962
597.0;Коллаген порошок морской питьевой для суставов + Витамин C;71;4,50;20;5299;https://basket-04.wb.ru/vol669/part66925/66925694/images/big/1.jpg;100000;Порошок Коллаген (Collagen) гидролизованный первого и третьего типа с аскорбиновой кислотой и гиалуроновой кислотой, представленный в биологически доступной форме пептидов (в порошке). Ежедневное употребление коллагена способствует эластичности и упругости кожи, уменьшает и разглаживает морщинки, восстанавливает структуру волос и ногтей, замедляет процессы старения, а также укрепляет здоровье костей, связок и суставов. Принимать коллаген нужно вместе с витамином C, который уже идет в составе, поэтому дополнительные добавки вам не нужны. Витамин С улучшает усвоение коллагена, повышает его эффективность. Гиалуроновая кислота ускоряет регенерацию тканей и положительно сказывается на Вашей красоте и здоровье. Коллаген, коллаген морской, коллаген с витамином С, коллаген для кожи, коллаген для женщин, коллаген крем для лица, коллаген сыворотка. Состав: гидролизованный коллаген, аскорбиновая кислота (витамин C), гиалуроновая кислота, краситель натуральный;5751;962
622.0;Омега 3 капсулы;68;4,50;7;30;https://basket-11.wb.ru/vol1641/part164158/164158416/images/big/1.jpg;900;Витамины омега три - незаменимый компонент, представлен в удобных капсулах 1360 мг в отличии от 1000 мг является идеальной дозировкой.Рыбный жир в составе этого продукта способствует поддержанию здоровья.;788;204
332.0;Мультивитамины 12+9 для женщин и мужчин;81;4,50;5;13;https://basket-05.wb.ru/vol971/part97112/97112874/images/big/1.jpg;100;Мультивитамины это полный витаминно-минеральный комплекс, источник 12 витаминов и 9 минералов. Повышает уровень энергии и бодрости. Улучшает работу мозга и нервной системы. Снижает частоту заболеваний, укрепляет иммунитет. Улучшает сопротивляемость стрессам. Положительно влияет на общее самочувствие. В составе жизненно необходимых витаминов: А, D3, Е, С, витамины группы B и 9 минералов: Кальций, Калий, Магний, Железо, Цинк, Медь, Марганец, Йод, Селен. Также под нашим брендом вы можете купить пищевые добавки и витамины для детей, подростков и взрослых, мужчин, женщин и девушек, витаминные комплексы и минералы для иммунитета, кожи, лица, волос, ногтей, суставов, мозга, сердца, здоровья и спортивные витамины для спорта и спортсменов, детокса, мультивитамины.;22;765
332.0;Пиколинат хрома капсулы для похудения;81;4,50;5;96;https://basket-05.wb.ru/vol970/part97087/97087106/images/big/1.jpg;900;Хрома пиколинат - легкоусвояемая форма, улучшает углеводный обмен, повышает чувствительность клеток к инсулину. Способствует снижению уровня сахара в крови, уменьшая образование жира. Ослабляет чувство голода и тягу к сладкому. Положительно влияет на работу щитовидной железы, позволяя нормализовать выработку ее гормонов. Ускоряет жировой обмен, способствуя сжиганию жиров и снижению лишнего веса. Хром подавляет аппетит и подходит для худеющих, которые пытаются перейти на правильное питание и снизить вес. Основные действия хрома нового поколения: Уменьшение тяги к сладкому и мучному, Поддержание в норме уровня сахара в крови,  Снижение чувства голода. Одной из причин тяги к сладкому является дефицит хрома, чем больше человек употребляет сахаросодержащих продуктов, тем сильнее снижается уровень хрома - возникает своеобразный замкнутый круг. Хром позволяет легче придерживаться низкоуглеводного питания за счет уменьшения тяги к сладкому, а также помогает ускорить обмен веществ. Жиросжигатель Пиколинат Хрома помогает увеличить расход калорий при физических нагрузках, что облегчает процесс похудения и диету без срывов. Вы начнете употреблять меньше калорий, откажитесь от сладкого и быстрее похудеете.;33;1212
332.0;Магний цитрат В6;81;4,50;5;42;https://basket-05.wb.ru/vol971/part97105/97105268/images/big/1.jpg;400;Магний Цитрат с витамином в6 (капсулы) - органическая форма, обладающая высокой биодоступностью. Положительно влияет на эмоциональное состояние, позволяет бороться со стрессом. Снижает утомляемость и нервное напряжение, повышает работоспособность.  Витаминные комплексы Magnesium Citrate - совокупность биодоступности формы магния с витамином В6 позволяет эффективно всасываться в ЖКТ.  Уменьшает частоту и остроту мигреней. Магний с Б6 обладает седативным действием, нормализует сон. Оказывает антиаритмическое действие. Расслабляет скелетные мышцы и гладкую мускулатуру.;31;572
649.0;Коллаген порошок морской питьевой для суставов + Витамин C;70;4,50;10;52;https://basket-12.wb.ru/vol1662/part166219/166219182/images/big/1.jpg;700;Порошок Коллаген (Collagen) гидролизованный первого и третьего типа с аскорбиновой кислотой и гиалуроновой кислотой, представленный в биологически доступной форме пептидов (в порошке). Ежедневное употребление коллагена способствует эластичности и упругости кожи, уменьшает и разглаживает морщинки, восстанавливает структуру волос и ногтей, замедляет процессы старения, а также укрепляет здоровье костей, связок и суставов. Принимать коллаген нужно вместе с витамином C, который уже идет в составе, поэтому дополнительные добавки вам не нужны. Витамин С улучшает усвоение коллагена, повышает его эффективность. Гиалуроновая кислота ускоряет регенерацию тканей и положительно сказывается на Вашей красоте и здоровье. Коллаген, коллаген морской, коллаген с витамином С, коллаген для кожи, коллаген для женщин, коллаген крем для лица, коллаген сыворотка. Состав: гидролизованный коллаген, аскорбиновая кислота (витамин C), гиалуроновая кислота, краситель натуральный;256;962
496.0;Спирулина и Хлорелла для похудения;73;4,50;4;310;https://basket-05.wb.ru/vol971/part97125/97125026/images/big/1.jpg;6000;Спирулина оказывает детоксикационное действие, способствуя выведению токсинов и тяжелых металлов из организма, натуральный детокс для похудения. Проявляет антиоксидантные свойства, устраняет негативное влияние окислительного стресса на организм и замедляет старение. Обладает иммуномодулирующим и противовоспалительным действием, укрепляет иммунитет, снижает риск развития и тяжесть течения бактериальных и вирусных заболеваний, устраняет проявления аллергии. Уменьшает аппетит и способствует похудению. Спирулина в таблетках органическая натуральное высшего качества. Спирулина - полезные свойства: спирулина отличное средство для похудения- в состав входит около 200 витаминов, ферментов, минералов и 18 аминокислот, в 1 г продукта содержится больше питательных элементов, чем в 1 кг овощей, 70% вещества это полноценный растительный белок, способствует очищению организма от токсинов, шлаков и тяжелых металлов, входит в комплекс детокс-программ и диет, ускоряя обменные процессы и улучшая работу ЖКТ.;422;1004
596.0;Коллаген морской капсулы с витамином C;81;4,50;4;335;https://basket-05.wb.ru/vol962/part96201/96201213/images/big/1.jpg;6500;"Коллаген морской в капсулах (Collagen) - соединительный белок, который входит в состав всех тканей организма человека. Это ""строительный материал"" для суставов, для волос, для кожи и ногтей. С возрастом выработка коллагена замедляется естественным путем и под влиянием внешних факторов. Помочь организму производить больше коллагена можно - Коллаген с витамином С и гиалуроновой кислотой в вашем ежедневном рационе. Колаген для суставов способствует укреплению волос, повышению упругости кожи. Витамин С повышает эффективность белка и помогает синтезировать природный коллаген. Гиалуроновая кислота обеспечивает упругость и нормальное функционирование тканей за счет удерживания молекул воды и их связывания в межклеточном пространстве. Полное описание и сертификат на продукцию - на фото карточки товара.  Коллаген капсулы, каллоген,  калаген, коллоген,  kollagen, rjkkfuty, colagen, калоген, гиалуроноая, vitamin, каллаген, кологен гиалурон. Состав: гидролизованный морской коллаген, витамин C, гиалуроновая кислота.";412;1018
